{
  "Author": "The Combat Reborn Team",
  "Name": "Bossmod Reborn",
  "InternalName": "BossModReborn",
  "Punchline": "Don't fail at raid mechanics anymore",
  "Description": "A bunch of utilities to simplify bosses.",
  "RepoUrl": "https://github.com/FFXIV-CombatReborn/BossmodReborn",
  "IconUrl": "https://raw.githubusercontent.com/FFXIV-CombatReborn/RebornAssets/main/IconAssets/BMR_Icon.png",
  "ImageUrls": [
    "https://raw.githubusercontent.com/awgil/ffxiv_bossmod/master/Data/image1.png",
    "https://raw.githubusercontent.com/awgil/ffxiv_bossmod/master/Data/image2.png",
    "https://raw.githubusercontent.com/awgil/ffxiv_bossmod/master/Data/image3.png"
  ]
}
